ID	STRUCTURE	FREQUENCY	Amawaka	Arara	Chakobo	Chaninawa	Iskonawa	Kakataibo	Kanamari	Kapanawa	Kashinawa_B	Kashinawa_P	Katukina	Kaxarari	Marinawa	Marubo	Mastanawa	Matis	Matses	Nawa	Nukini	Pakawara	Poyanawa	Shanenawa	Sharanawa	Shipibo_Konibo	Yaminawa	Yawanawa	COGNATESETS	CONCEPTS
6-32	V	32	ɨ	ɨ	ɨ	ɨ	i	ɨ	Ø	ɨ	ɨ	ɨ	e	ɨ	ɨ	ɨ	ɨ	ɨ	ɨ	ɨ	ɨ	ɨ	ɨ	ɨ	ɨ	ɨ	ɨ	ɨ	1390:0, 1390:2, 392:1, 392:3, 211:1, 211:3, 733:1, 733:3, 586:1, 586:3, 1486:1, 1486:3, 272:1, 1208:4, 76:1, 89:1, 92:3, 141:1, 252:1, 284:1, 368:1, 573:2, 638:1, 851:1, 1118:1, 1150:1, 1185:3, 1243:3, 1266:1, 1280:1, 1343:3, 1450:1	bird / bite / burn [tr. v.] / day [daytime] / dirty / drink [verb] / dry [adj./v.] / fear [verb] / fight / heavy / hit / kill / man [male] / pull / some / squeeze / stone / straight / swim / thick / thin / turn [intr. v.] / water / wide / wipe
7-8	V	8	ɨ	i	ɨ	ɨ	ɨ	ɨ	Ø	ɨ	i	ɨ	e	ɨ	ɨ	ɨ	ɨ	Ø	ɨ	ɨ	ɨ	i	ɨ	ɨ	ɨ	ɨ	a	ɨ	99:1, 99:3, 193:3, 588:1, 616:1, 696:2, 1000:1, 1043:1	black / cut [verb] / hit / hunt / live / seed / sing
10-7	V	7	ɨ	Ø	i	i	a	i	Ø	i	i	i	Ø	i	i	a	-	a	o	i	Ø	Ø	Ø	a	i	i	Ø	Ø	1:3, 1:5, 77:0, 128:1, 164:0, 465:1, 1200:3	all / bird / breathe / dog / fog / stone
50-7	V	7	ɨ	ɨ	ɨ	ɨ	ɨ	ɨ	ɨ	ɨ	ɨ	ɨ	e	ɨ	ɨ	ɨ	ɨ	u	u	ɨ	ɨ	ɨ	ɨ	ɨ	ɨ	ɨ	ɨ	ɨ	156:3, 360:0, 673:1, 766:1, 812:1, 1014:1, 1404:1	child / father / leaf / mouth / new / sharp [knife] / wet
30-4	V	4	ɨ	ɨ	ɨ	ɨ	ɨ	u	o	ɨ	Ø	ɨ	i	a	ɨ	u	i	u	o	ɨ	ɨ	Ø	ɨ	ɨ	ɨ	ɨ	ɨ	i	30:1, 32:3, 234:1, 1206:1	back [of body] / dig / straight
65-4	V	4	ɨ	ɨ	i	ɨ	ɨ	ɨ	Ø	i	Ø	i	Ø	Ø	ɨ	ɨ	i	Ø	Ø	ɨ	Ø	Ø	Ø	u	ɨ	ɨ	i	Ø	296:1, 662:1, 1099:1, 1149:1	dull [knife] / laugh / smooth / squeeze
78-4	V	4	ɨ	ɨ	ɨ	ɨ	ɨ	ɨ	ɨ	ɨ	ɨ	ɨ	i	ɨ	ɨ	ɨ	ɨ	ɨ	o	ɨ	ɨ	ɨ	ɨ	ɨ	ɨ	ɨ	ɨ	ɨ	330:1, 771:2, 1470:3, 1480:1	eye / name / wind [breeze] / wing
163-4	V	4	ɨ	Ø	a	ɨ	ɨ	ɨ	Ø	ɨ	ɨ	ɨ	e	Ø	ɨ	ɨ	ɨ	ɨ	ɨ	ɨ	Ø	Ø	Ø	a	ɨ	Ø	ɨ	i	833:1, 861:3, 883:1, 905:0	old [adj.] / play / push / river
83-3	V	3	ɨ	ɨ	ɨ	ɨ	ɨ	ɨ	ɨ	ɨ	ɨ	ɨ	e	i	ɨ	ɨ	i	ɨ	e	ɨ	Ø	u	ɨ	ɨ	ɨ	ɨ	ɨ	ɨ	358:1, 375:1, 1527:1	fat (grease) / feather [large] / year
82-2	V	2	ɨ	ɨ	ɨ	ɨ	ɨ	ɨ	Ø	ɨ	i	i	i	Ø	ɨ	ɨ	a	-	-	ɨ	Ø	Ø	Ø	ɨ	ɨ	-	ɨ	ɨ	334:3, 1198:1	fall [drop] / stone
86-2	V	2	ɨ	i	ɨ	ɨ	Ø	ɨ	Ø	ɨ	ɨ	ɨ	Ø	Ø	ɨ	ɨ	a	Ø	Ø	ɨ	ɨ	Ø	i	ɨ	ɨ	ɨ	ɨ	ɨ	366:3, 368:3	fear [verb]
149-2	V	2	ɨ	ɨ	i	ɨ	ɨ	Ø	Ø	Ø	ɨ	ɨ	ɨ	ɨ	ɨ	ɨ	ɨ	Ø	Ø	ɨ	Ø	Ø	ɨ	ɨ	ɨ	Ø	ɨ	ɨ	749:0, 905:2	mother / river
183-2	V	2	ɨ	Ø	Ø	ɨ	ɨ	Ø	Ø	ɨ	Ø	i	Ø	Ø	ɨ	Ø	ɨ	Ø	Ø	a	Ø	Ø	Ø	Ø	ɨ	ɨ	ɨ	Ø	943:1, 1138:4	rub / split
102-1	V	1	ɨ	ɨ	ɨ	ɨ	ɨ	ɨ	ɨ	ɨ	ɨ	ɨ	ɨ	ɨ	Ø	ɨ	ɨ	ɨ	ɨ	ɨ	ɨ	ɨ	ɨ	ɨ	ɨ	ɨ	ɨ	ɨ	483:2	foot
110-1	V	1	ɨ	ɨ	ɨ	ɨ	ɨ	ɨ	ɨ	ɨ	ɨ̃	ɨ	e	ɨ	ɨ	ɨ	ɨ	ɨ	ɨ	ɨ	ɨ	ɨ	ɨ	ɨ	ɨ	ɨ	ɨ	ɨ	546:1	hand
112-1	V	1	ɨ	i	ɨ	ɨ	i	ɨ	i	ɨ	ɨ̃	i	i	ɨ	ɨ	i	i	ɨ	a	ɨ	i	ɨ	ɨ	i	i	ɨ	ɨ	i	546:3	hand
121-1	V	1	ɨ	a	ɨ	ɨ	i	ɨ	Ø	ɨ	Ø	ɨ	ɨ	Ø	ɨ	ɨ	ɨ	ɨ	ɨ	ɨ	Ø	Ø	i	ɨ	ɨ	ɨ	ɨ	ɨ	577:0	here
127-1	V	1	ɨ	Ø	ɨ	ɨ	ɨ	ɨ	Ø	ɨ	ɨ	ɨ	u	ɨ	ɨ	ɨ	ɨ	ɨ	ɨ	ɨ	ɨ	ɨ	ɨ	ɨ	ɨ	ɨ	ɨ	ɨ	634:1	husband
129-1	V	1	ɨ	Ø	ɨ	ɨ	ɨ	ɨ	Ø	ɨ	ɨ	i	i	ɨ	i	ɨ	ɨ	ɨ	ɨ	ɨ	ɨ	ɨ	ɨ	ɨ	ɨ	ɨ	ɨ	ɨ	634:3	husband
159-1	V	1	ɨ	ĩ	ɨ	ɨ	ɨ	ɨ	ɨ	ɨ	ɨ	ɨ	ɨ	ɨ	ɨ	ɨ	ɨ	ɨ	ɨ	ɨ	ɨ̃	ɨ	ɨ	ɨ	ɨ	ɨ	ɨ	ɨ	830:1	nose
168-1	V	1	ɨ	ɨ	ɨ	ɨ	i	ɨ	Ø	ɨ	Ø	ɨ	i	Ø	ɨ	ɨ	ɨ	ɨ	u	ɨ	Ø	Ø	Ø	Ø	ɨ	ɨ	ɨ	Ø	852:0	other
188-1	V	1	ɨ	ɨ	Ø	ɨ	ɨ	Ø	ɨ	Ø	ɨ	ɨ	e	Ø	ɨ	ɨ	ɨ	ɨ	ɨ	ɨ	ɨ	Ø	ɨ	ɨ	ɨ	Ø	ɨ	ɨ	999:0	seed
190-1	V	1	ɨ	ɨ	Ø	i	ɨ	Ø	ɨ	Ø	ɨ	ɨ	e	Ø	ɨ	ɨ	ɨ	ɨ	ɨ	ɨ	u	Ø	ɨ	ɨ	ɨ	Ø	ɨ	ɨ	999:2	seed
192-1	V	1	ɨ	Ø	a	ɨ	a	Ø	Ø	ɨ	Ø	ɨ	Ø	Ø	i	Ø	i	Ø	Ø	ɨ	Ø	Ø	Ø	Ø	ɨ	ɨ	a	a	1005:1	sew
202-1	V	1	ɨ	Ø	ɨ	a	ɨ	ɨ	Ø	ɨ	Ø	ɨ	i	i	ɨ	ɨ	ɨ	ɨ	ɨ	ɨ	Ø	Ø	ɨ	ɨ	ɨ	ɨ	ɨ	ɨ	1087:1	smell [tr. v.]
220-1	V	1	ɨ	Ø	ɨ	ɨ	Ø	Ø	Ø	Ø	Ø	Ø	Ø	Ø	ɨ	Ø	Ø	Ø	Ø	i	Ø	Ø	Ø	ɨ	Ø	Ø	ɨ	a	1206:4	straight
232-1	V	1	ɨ	ɨ	ɨ	Ø	ɨ	ɨ	ɨ	ɨ	ɨ	ɨ	i	ɨ	ɨ	ɨ	ɨ	ɨ	ɨ	ɨ	i	ɨ	Ø	ɨ	Ø	ɨ	Ø	ɨ	1308:1	tooth [front]
238-1	V	1	ɨ	Ø	ɨ	ɨ	ɨ	ɨ	Ø	ɨ	Ø	ɨ	i	Ø	ɨ	ɨ	ɨ	ɨ	ɨ	ɨ	Ø	Ø	ɨ	i	ɨ	ɨ	ɨ	Ø	1323:1	tie [verb]
247-1	V	1	ɨ	Ø	ɨ	ɨ	ɨ	Ø	Ø	a	a	a	Ø	ã	a	ɨ	a	a	Ø	a	Ø	Ø	Ø	ɨ	a	ɨ	a	ɨ	1412:2	what [interr.]
204-1	V	1	ũ	u	u	u	ũ	u	o	u	u	u	u	u	u	u	u	u	Ø	ũ	Ø	u	ũ	u	u	u	ũ	a	1092:1	smoke [noun]
205-1	V	1	ĩ	ĩ	i	i	ĩ	i	i	i	ĩ	ɨ	i	a	i	i	i	i	Ø	ĩ	Ø	i	ĩ	i	i	i	i	ɨ	1092:2	smoke [noun]
22-7	V	7	Ø	a	a	i	ɨ	a	Ø	i	i	i	a	Ø	i	i	ɨ	i	Ø	i	i	Ø	Ø	i	i	i	ɨ	ɨ	6:5, 64:2, 98:0, 662:3, 696:0, 1149:4, 1267:0	all / big / black / laugh / live / squeeze / thick
32-4	V	4	Ø	i	i	i	i	a	Ø	a	a	i	a	a	i	i	i	e	e	i	i	Ø	i	i	i	a	i	Ø	30:3, 171:2, 903:3, 981:0	back [of body] / cold [weather] / red / say
101-3	V	3	Ø	Ø	Ø	Ø	i	i	Ø	a	Ø	Ø	Ø	Ø	Ø	a	ĩ	Ø	Ø	ĩ	Ø	Ø	ɨ	ĩ	Ø	a	i	Ø	466:2, 1043:3, 1137:4	fog / sing / spit [verb]
180-3	V	3	Ø	Ø	i	i	Ø	Ø	Ø	i	ɨ	i	Ø	Ø	ɨ	i	ɨ	i	Ø	ɨ	Ø	Ø	i	Ø	i	i	ɨ	ɨ	927:1, 1129:1, 1277:0	rope (cord) / spit [verb] / thin
76-2	V	2	Ø	ĩ	Ø	uː	Ø	Ø	Ø	Ø	u	u	u	Ø	u	u	u	u	Ø	u	Ø	Ø	Ø	Ø	u	Ø	u	u	328:1, 1098:3	egg / smooth
100-2	V	2	Ø	u	Ø	a	u	a	Ø	Ø	u	u	Ø	Ø	u	Ø	ũ	Ø	Ø	u	Ø	Ø	u	u	Ø	Ø	ũ	Ø	466:1, 555:1	fog / head
115-2	V	2	Ø	a	Ø	i	a	a	Ø	Ø	a	a	Ø	-	a	Ø	a	Ø	Ø	Ø	Ø	Ø	a	Ø	-	Ø	Ø	Ø	555:4, 1207:5	head / straight
245-2	V	2	Ø	ɨ	u	a	a	a	Ø	Ø	Ø	a	a	Ø	a	a	a	Ø	Ø	a	Ø	Ø	i	a	a	Ø	a	a	1384:3, 1569:3	mouth / wash
74-1	V	1	Ø	i	i	iː	i	i	Ø	i	i	i	i	i	i	i	i	e	e	i	i	i	i	i	i	i	i	i	322:1	eat
106-1	V	1	Ø	Ø	Ø	u	o	Ø	Ø	Ø	Ø	Ø	a	Ø	u	Ø	u	Ø	Ø	Ø	u	Ø	Ø	u	u	Ø	u	u	530:1	green [color]
152-1	V	1	Ø	ɨ	ɨ	ɨ	ɨ	ɨ	ɨ	ɨ	ɨ	ɨ	i	ɨ	ɨ	ɨ	ɨ	ɨ	ɨ	ɨ	ɨ	i	ɨ	ɨ	ɨ	ɨ	ɨ	ɨ	810:1	neck
154-1	V	1	Ø	u	u	o	u	a	u	u	u	u	u	i	u	u	u	u	i	u	ɨ	a	u	u	u	u	u	u	810:3	neck
165-1	V	1	Ø	i	ɨ	ɨ	i	Ø	ɨ	ɨ	ɨ	ɨ	e	ɨ	ɨ	ɨ	ɨ	Ø	Ø	ɨ	Ø	i	Ø	i	ɨ	ɨ	i	ɨ	843:1	one
167-1	V	1	Ø	i	i	i	ɨ	Ø	e	i	i	i	i	i	i	i	i	Ø	Ø	i	Ø	i	Ø	i	i	i	i	i	843:4	one
175-1	V	1	Ø	Ø	Ø	i	Ø	Ø	Ø	Ø	Ø	Ø	Ø	Ø	i	Ø	u	Ø	Ø	i	Ø	Ø	Ø	ɨ	i	Ø	ɨ	i	883:3	push
179-1	V	1	Ø	u	u	u	ũ	u	Ø	u	Ø	Ø	Ø	Ø	u	u	Ø	Ø	u	u	Ø	u	Ø	u	Ø	u	u	u	918:3	root
187-1	V	1	Ø	ũ	Ø	u	u	Ø	Ø	Ø	u	u	u	Ø	u	u	u	Ø	Ø	ũ	Ø	Ø	Ø	u	ũ	u	u	u	997:0	see
197-1	V	1	Ø	-	i	i	i	Ø	Ø	i	i	i	i	i	i	Ø	i	i	i	i	i	i	Ø	i	i	i	i	i	1063:3	skin [of person]
210-1	V	1	Ø	Ø	i	a	Ø	Ø	Ø	Ø	Ø	u	Ø	Ø	Ø	Ø	Ø	Ø	Ø	a	Ø	Ø	Ø	Ø	a	Ø	i	Ø	1118:4	some
212-1	V	1	Ø	Ø	Ø	ɨ	Ø	Ø	Ø	Ø	Ø	Ø	Ø	Ø	ɨ	Ø	ɨ	Ø	Ø	-	Ø	Ø	Ø	Ø	ɨ	Ø	Ø	Ø	1150:3	squeeze
221-1	V	1	Ø	i	Ø	Ø	Ø	Ø	Ø	Ø	Ø	Ø	Ø	j	Ø	Ø	j	Ø	Ø	Ø	Ø	Ø	Ø	Ø	j	Ø	Ø	Ø	1207:2	straight
248-1	V	1	Ø	ũ	Ø	ɨ	Ø	Ø	Ø	a	a	a	Ø	a	ɨ	a	ɨ	Ø	Ø	ɨ	Ø	Ø	Ø	a	ɨ	a	a	a	1420:0	when [interr.]
250-1	V	1	Ø	i	Ø	i	Ø	Ø	Ø	ɨ	i	i	Ø	ɨ	i	ɨ	i	Ø	Ø	-	Ø	Ø	Ø	i	i	ɨ	ɨ	ɨ	1420:2	when [interr.]
254-1	V	1	Ø	ĩ	Ø	Ø	i	u	Ø	Ø	i	i	Ø	Ø	Ø	Ø	Ø	Ø	Ø	Ø	Ø	Ø	Ø	Ø	Ø	Ø	Ø	u	1429:2	where [interr.]
266-1	V	1	Ø	u	Ø	u	ĩ	Ø	o	i	u	u	u	Ø	u	i	u	Ø	Ø	u	u	Ø	ĩ	i	Ø	i	Ø	i	1504:2	woman
273-1	V	1	Ø	ã	i	Ø	a	a	Ø	a	a	a	a	i	Ø	Ø	Ø	i	Ø	Ø	ã	Ø	a	a	Ø	a	Ø	a	1531:1	yellow
279-1	V	1	Ø	Ø	Ø	i	Ø	Ø	Ø	Ø	Ø	Ø	Ø	Ø	ɨ	Ø	i	Ø	Ø	-	Ø	Ø	Ø	Ø	Ø	Ø	i	Ø	1613:5	swell
281-1	V	1	Ø	Ø	Ø	a	Ø	Ø	Ø	Ø	Ø	Ø	Ø	Ø	a	Ø	a	Ø	Ø	i	Ø	Ø	Ø	Ø	Ø	Ø	a	Ø	1613:7	swell
3-63	V	63	u	u	u	u	u	u	o	u	u	u	u	u	u	u	u	u	u	u	u	u	u	u	u	u	u	u	1110:1, 1110:3, 534:1, 534:3, 303:1, 303:3, 1553:1, 1553:4, 54:1, 54:3, 495:0, 1618:0, 191:1, 191:3, 884:1, 884:3, 1137:1, 1218:1, 33:2, 78:1, 98:2, 141:3, 163:1, 176:0, 232:1, 270:0, 284:3, 296:4, 304:3, 305:4, 424:1, 433:1, 448:0, 499:1, 597:1, 651:0, 661:0, 731:4, 790:0, 834:1, 856:0, 862:3, 934:3, 935:3, 971:1, 983:1, 1000:3, 1014:3, 1073:0, 1200:1, 1208:1, 1217:1, 1231:1, 1241:1, 1242:1, 1243:1, 1314:1, 1400:1, 1443:1, 1487:1, 1570:2, 1578:0, 1619:2	bad / belly / bird / black / burn [tr. v.] / come / count [verb] / dig / dog / dry [adj./v.] / dull [knife] / dust / float / flow / flower / good / guts / he / hold [in hand] / know [facts] / laugh / man [male] / narrow / near / old [adj.] / person (human) / play / push / rotten [log] / say / scratch [an itch] / seed / sharp [knife] / sleep / snake / spit [verb] / stone / straight / suck / swell / swim / they / thin / throw / we / who [interr.] / wipe
37-7	V	7	u	i	a	i	Ø	i	Ø	ɨ	i	ɨ	u	Ø	ɨ	u	ɨ	a	a	ɨ	Ø	Ø	Ø	ɨ	ɨ	ɨ	ɨ	i	63:0, 500:1, 598:1, 1076:0, 1100:4, 1279:1, 1431:3	big / good / hold [in hand] / small / smooth / thin / where [interr.]
24-6	V	6	u	ɨ	u	u	u	u	Ø	u	u	u	u	a	u	u	u	Ø	Ø	u	ũ	o	ũ	u	u	u	u	u	24:1, 250:1, 585:1, 907:3, 1023:1, 1578:2	animal / dirty / hit / near / river / short
29-4	V	4	u	u	u	u	u	o	Ø	u	u	u	Ø	uː	u	u	u	u	u	u	Ø	u	Ø	u	u	u	u	u	26:3, 456:1, 1266:4, 1392:0	ashes / fly [verb] / thick / water
47-4	V	4	u	u	u	u	u	o	Ø	u	Ø	a	u	u	u	u	u	Ø	Ø	ũ	u	Ø	u	i	u	u	u	u	128:0, 140:1, 424:3, 1023:3	breathe / burn [tr. v.] / float / short
51-4	V	4	u	u	Ø	ɨ	u	a	Ø	i	Ø	Ø	Ø	Ø	u	Ø	ɨ	Ø	Ø	Ø	Ø	Ø	u	u	ɨ	Ø	u	u	165:1, 234:3, 412:1, 862:1	cloud / dig / fish [noun] / play
41-3	V	3	u	u	u	u	i	a	u	u	u	u	u	Ø	u	u	u	o	i	u	u	u	Ø	u	u	u	u	u	89:3, 449:2, 554:3	bite / flower / head
80-2	V	2	u	ɨ	u	u	u	u	u	u	u	u	u	ɨ	u	u	u	u	u	u	u	u	u	u	u	u	u	u	330:3, 1398:1	eye / we
131-2	V	2	u	i	Ø	i	Ø	Ø	Ø	ɨ	ĩ	i	Ø	Ø	i	Ø	i	Ø	Ø	i	Ø	Ø	Ø	i	i	ɨ	ĩ	i	650:3, 1100:1	know [facts] / smooth
140-2	V	2	u	a	u	u	Ø	Ø	u	Ø	u	u	u	Ø	ɨ	Ø	ɨ	Ø	Ø	Ø	Ø	u	Ø	u	u	Ø	u	Ø	728:1, 1167:1	man [male] / stab [or pierce]
223-2	V	2	u	Ø	u	u	u	u	Ø	-	Ø	u	u	Ø	u	a	u	Ø	Ø	u	Ø	Ø	u	u	u	Ø	u	u	1217:3, 1384:1	suck / wash
45-1	V	1	u	ũ	u	ũ	u	u	Ø	u	u	u	Ø	Ø	u	Ø	u	Ø	Ø	u	Ø	Ø	u	u	ũ	u	u	u	111:1	blow [wind]
108-1	V	1	u	u	u	u	u	u	u	u	u	u	u	Ø	u	u	u	Ø	a	u	u	u	u	u	u	u	u	u	539:1	hair
170-1	V	1	u	u	Ø	uː	Ø	Ø	Ø	Ø	u	Ø	Ø	Ø	u	u	u	Ø	Ø	uː	Ø	Ø	Ø	u	u	Ø	u	u	855:1	person (human)
176-1	V	1	u	u	u	u	u	u	Ø	u	u	u	u	u	u	u	u	u	u	u	a	u	u	u	u	u	u	Ø	894:0	rain
255-1	V	1	u	Ø	u	u	a	u	Ø	u	u	u	u	Ø	u	u	u	Ø	u	u	u	u	u	Ø	u	u	u	u	1439:0	white
268-1	V	1	u	ũ	ũ	ũ	ũ	u	Ø	u	u	u	o	u	-	u	ũ	u	u	u	ũ	u	ũ	u	ũ	u	ũ	u	1519:1	worm (i.e. earthworm)
151-2	V	2	iː	i	i	-	i	i	i	Ø	-	-	i	i	-	i	-	i	Ø	i	i	i	i	i	i	i	i	i	796:2, 1342:0	near / tree
1-58	V	58	i	i	i	i	i	i	i	i	i	i	i	i	i	i	i	i	i	i	i	i	i	i	i	i	i	i	747:3, 1313:1, 874:1, 874:3, 49:1, 49:3, 1333:1, 1333:3, 587:1, 587:4, 233:1, 233:3, 270:2, 270:4, 33:0, 106:0, 143:3, 170:3, 171:0, 232:3, 252:3, 305:1, 342:2, 375:2, 376:3, 413:1, 433:3, 487:1, 491:0, 508:2, 663:1, 682:1, 683:0, 694:1, 731:0, 735:0, 750:1, 833:3, 834:3, 856:2, 926:0, 927:4, 933:1, 956:3, 996:0, 1063:1, 1168:3, 1191:0, 1198:4, 1200:5, 1226:3, 1231:2, 1242:4, 1279:3, 1295:1, 1369:1, 1375:2, 1526:3	bad / bark [of tree] / blood / cold [weather] / day [daytime] / dig / dirty / dog / dust / far / feather [large] / fish [noun] / flow / fruit (berry) / give / grass / hit / laugh / leg / live / man [male] / many / meat (flesh) / mother / old [adj.] / person (human) / pull / rope (cord) / rotten [log] / salt / see / skin [of person] / stab [or pierce] / stick [of wood] / stone / sun / swell / swim / thin / think / thou [you] / tooth [front] / walk / warm (hot weather) / year
25-3	V	3	i	ĩ	i	i	-	i	Ø	i	i	i	Ø	Ø	i	i	-	Ø	a	Ø	Ø	Ø	ĩ	i	i	i	i	i	24:2, 78:2, 1527:3	animal / bird / year
44-3	V	3	i	i	i	i	i	i	i	i	i	i	i	i	i	i	i	i	ɨ	i	ĩ	i	i	i	i	i	i	i	106:2, 327:3, 487:3	blood / egg / fruit (berry)
63-3	V	3	i	-	a	a	i	o	Ø	Ø	ã	a	a	i	a	Ø	i	Ø	Ø	i	ɨ	Ø	i	a	Ø	Ø	i	a	261:3, 596:2, 674:3	dog / hold [in hand] / leaf
85-3	V	3	i	ĩ	i	i	i	i	Ø	i	Ø	i	e	Ø	i	i	i	i	Ø	i	-	Ø	i	i	i	i	i	Ø	358:3, 824:3, 926:2	fat (grease) / night / rope (cord)
99-3	V	3	i	i	ɨ	i	i	Ø	Ø	Ø	Ø	Ø	a	Ø	u	u	Ø	e	e	Ø	Ø	Ø	Ø	a	ĩ	i	i	Ø	465:4, 496:1, 1044:1	fog / give / sing
87-2	V	2	i	a	a	-	u	u	Ø	i	a	a	i	i	a	i	a	Ø	ɨ	a	i	Ø	Ø	i	a	a	-	a	384:0, 1429:0	few / where [interr.]
90-2	V	2	i	i	i	iː	Ø	i	i	iː	i	i	iː	i	i	i	i	i	i	i	i	i	ũ	i	i	i	i	i	402:0, 1375:0	fire / warm (hot weather)
119-2	V	2	i	i	i	i	i	e	Ø	i	i	i	i	a	i	i	i	e	e	i	i	i	i	i	i	i	i	i	566:3, 894:1	heart / rain
135-2	V	2	i	i	i	i	ɨ	ɨ	i	i	i	i	i	Ø	i	Ø	i	Ø	Ø	i	i	i	Ø	ɨ	i	Ø	i	Ø	681:2, 728:3	long / man [male]
136-2	V	2	i	i	i	i	i	i	i	i	i	i	u	Ø	i	i	i	i	e	i	i	Ø	Ø	Ø	i	i	i	Ø	682:3, 933:3	leg / rotten [log]
147-2	V	2	i	i	i	i	i	i	i	i	i	Ø	Ø	ã	i	i	i	Ø	Ø	i	Ø	a	Ø	i	a	u	i	i	741:3, 1207:6	mountain / straight
172-2	V	2	i	i	i	i	i	Ø	Ø	i	a	ɨ	i	Ø	i	i	i	a	i	i	i	i	Ø	u	i	i	i	i	875:1, 1075:1	red / small
186-2	V	2	i	i	ɨ	iː	i	i	a	i	i	i	Ø	i	i	i	i	i	i	iː	Ø	i	i	i	Ø	i	i	i	968:3, 1338:1	sand / tree
69-1	V	1	i	-	u	Ø	i	-	-	i	ĩ	i	-	Ø	i	-	-	ɨ	i	-	i	u	ĩ	i	-	i	-	i	310:2	ear
71-1	V	1	i	i	i	Ø	i	i	o	i	i	i	u	Ø	i	u	u	a	e	u	i	i	i	i	u	i	u	i	310:4	ear
117-1	V	1	i	-	i	ĩ	ĩ	Ø	Ø	i	ĩ	i	i	Ø	ɨ	i	ɨ	i	i	ɨ	Ø	i	ĩ	i	ĩ	i	ɨ	ĩ	566:0	heart
120-1	V	1	i	Ø	i	ɨ	Ø	i	Ø	i	Ø	Ø	e	i	i	ɨ	ɨ	i	i	ɨ	Ø	i	Ø	Ø	ɨ	ɨ	ɨ	i	573:0	heavy
132-1	V	1	i	ã	a	a	ã	a	Ø	a	ã	a	a	a	i	a	Ø	Ø	Ø	ã	Ø	a	Ø	a	ã	a	a	a	658:0	lake
161-1	V	1	i	ĩ	a	i	ĩ	i	ĩ	i	ĩ	i	i	a	u	i	u	a	i	a	ɨ̃	i	ĩ	i	u	i	u	i	830:3	nose
185-1	V	1	i	Ø	Ø	Ø	Ø	Ø	Ø	ɨ	Ø	Ø	Ø	Ø	i	Ø	a	Ø	Ø	i	Ø	Ø	Ø	Ø	a	Ø	Ø	Ø	943:3	rub
214-1	V	1	i	i	i	i	Ø	i	i	i	i	i	i	Ø	i	i	ɨ	i	i	i	ɨ	i	Ø	i	i	i	i	i	1183:0	star
216-1	V	1	i	ĩ	i	i	Ø	a	i	i	i	i	i	Ø	i	i	a	a	a	i	ɨ	i	Ø	i	ɨ	i	i	i	1183:2	star
226-1	V	1	i	i	i	i	i	i	i	i	i	i	Ø	Ø	i	i	i	i	Ø	Ø	Ø	Ø	Ø	i	iː	i	Ø	i	1253:0	tail
253-1	V	1	i	Ø	Ø	i	Ø	Ø	Ø	Ø	Ø	Ø	Ø	Ø	ɨ	Ø	ɨ	Ø	Ø	i	Ø	Ø	Ø	Ø	i	Ø	Ø	Ø	1428:3	where [interr.]
260-1	V	1	i	-	i	ɨ	-	Ø	Ø	i	-	Ø	i	Ø	-	i	ɨ	i	Ø	-	Ø	i	-	i	i	i	-	i	1460:2	wife
262-1	V	1	i	Ø	Ø	Ø	i	Ø	Ø	i	i	i	i	Ø	i	ɨ	Ø	Ø	Ø	ɨ	Ø	Ø	Ø	i	i	i	ɨ	ɨ	1470:1	wind [breeze]
264-1	V	1	i	a	i	a	i	i	Ø	i	i	i	Ø	Ø	a	i	i	i	o	a	Ø	Ø	Ø	i	Ø	i	a	i	1480:2	wing
267-1	V	1	i	i	i	iː	i	i	Ø	i	i	i	iː	Ø	i	i	iː	i	Ø	i	Ø	Ø	i	i	i	i	i	i	1511:1	woods (forest)
269-1	V	1	i	ĩ	ĩ	ĩ	ĩ	i	Ø	i	i	i	i	i	ɨ	i	ĩ	e	e	i	ĩ	i	ĩ	i	ĩ	i	i	ĩ	1519:2	worm (i.e. earthworm)
277-1	V	1	i	ɨ	ɨ	ɨ	ɨ	ɨ	Ø	ɨ	ɨ	ɨ	e	ɨ	ɨ	ɨ	ɨ	ɨ	u	ɨ	ɨ	ɨ	ɨ	ɨ	ɨ	ɨ	ɨ	ɨ	1544:0	I
2-165	V	165	a	a	a	a	a	a	a	a	a	a	a	a	a	a	a	a	a	a	a	a	a	a	a	a	a	a	708:1, 708:3, 689:1, 689:3, 63:2, 63:4, 650:1, 796:1, 796:4, 48:1, 48:3, 1374:1, 1374:3, 277:0, 277:2, 1391:1, 1391:3, 38:1, 38:3, 210:1, 210:3, 273:1, 273:3, 1076:2, 1076:4, 1076:7, 1042:1, 1042:3, 1315:1, 1315:3, 1449:0, 1449:3, 357:1, 357:3, 413:3, 1150:4, 495:1, 1618:1, 694:2, 1099:3, 767:0, 767:2, 919:1, 919:3, 1613:1, 1613:3, 55:1, 55:4, 731:2, 64:0, 935:1, 90:1, 90:3, 263:1, 263:4, 415:1, 415:3, 1197:1, 1197:3, 1207:1, 1207:3, 1570:0, 1570:5, 6:1, 1431:1, 223:1, 223:3, 272:2, 1168:1, 575:3, 575:5, 1062:1, 1062:3, 1101:1, 1101:3, 1410:1, 1410:3, 1533:1, 1533:4, 1619:1, 1619:5, 1:1, 32:1, 33:4, 76:4, 78:4, 92:1, 127:1, 143:1, 156:1, 164:2, 184:1, 193:1, 220:1, 250:4, 304:1, 310:1, 327:1, 334:1, 342:1, 360:2, 366:1, 376:1, 384:2, 393:1, 448:1, 451:1, 456:3, 483:1, 491:2, 548:0, 554:1, 559:1, 585:3, 596:0, 597:3, 651:2, 652:1, 681:1, 683:2, 724:1, 735:4, 741:1, 747:1, 749:2, 750:3, 766:3, 790:4, 824:1, 855:3, 861:1, 903:1, 906:3, 907:1, 915:1, 918:1, 934:1, 956:1, 962:1, 968:1, 969:1, 1068:1, 1098:1, 1138:1, 1185:1, 1226:1, 1253:2, 1267:2, 1277:6, 1305:1, 1330:2, 1343:1, 1358:1, 1361:0, 1386:1, 1392:3, 1404:3, 1412:0, 1428:1, 1450:3, 1487:2, 1504:0, 1526:1, 1532:1, 1569:0	all / back [of body] / bad / bark [of tree] / belly / big / bird / bite / breathe / child / count [verb] / cut [verb] / day [daytime] / die / dirty / dog / drink [verb] / dust / ear / egg / fall [drop] / far / father / fear [verb] / feather [large] / few / fight / fish [noun] / flower / fly [verb] / foot / give / he / head / hear / heavy / hit / hold [in hand] / know [facts] / leg / lie [be lying down] / live / liver / long / louse / man [male] / many / meat (flesh) / mother / mountain / mouth / narrow / near / night / person (human) / play / red / river / road (path) / root / rotten [log] / salt / sand / sing / skin [of person] / sky / small / smooth / split / squeeze / stab [or pierce] / stone / straight / sun / swell / tail / they / thick / thin / this / throw / tongue / turn [intr. v.] / two / vomit [verb] / warm (hot weather) / wash / water / wet / what [interr.] / where [interr.] / wide / wipe / woman / year / yellow
5-8	V	8	a	a	i	a	a	a	Ø	i	ã	a	Ø	Ø	a	-	a	e	e	a	Ø	Ø	ã	a	a	-	a	a	498:1, 498:3, 6:3, 412:3, 575:1, 663:3, 790:2, 1316:1	all / fish [noun] / good / heavy / laugh / near / throw
26-5	V	5	a	ã	a	a	a	a	Ø	a	a	a	Ø	a	a	i	a	a	Ø	a	ã	a	a	a	a	a	a	a	24:4, 77:2, 127:3, 674:1, 1383:0	animal / bird / breathe / leaf / wash
177-3	V	3	a	ã	a	a	a	a	a	a	a	a	a	a	a	a	a	a	a	a	a	a	a	a	a	a	a	a	906:1, 1330:0, 1361:2	river / tongue / vomit [verb]
28-2	V	2	a	a	i	a	a	a	Ø	a	a	a	Ø	a	a	i	a	a	a	a	Ø	i	Ø	a	a	a	a	Ø	26:1, 1383:2	ashes / wash
46-2	V	2	a	a	a	a	a	o	Ø	a	a	a	a	a	a	a	a	a	i	a	a	a	a	a	a	a	a	a	125:1, 652:3	bone / know [facts]
53-2	V	2	a	a	a	a	i	a	Ø	a	a	a	a	ã	a	a	a	a	a	a	a	a	a	a	a	a	a	a	170:1, 1368:1	cold [weather] / walk
61-2	V	2	a	a	a	a	ã	a	Ø	a	a	a	a	a	aː	a	a	e	a	a	Ø	Ø	Ø	a	a	a	a	a	261:1, 508:0	dog / grass
94-2	V	2	a	a	Ø	a	a	u	Ø	a	a	a	a	Ø	a	a	a	Ø	Ø	a	Ø	Ø	u	a	a	a	a	a	449:0, 812:3	flower / new
133-2	V	2	a	aɨ	a	a	a	a	Ø	a	ɨ	a	Ø	a	a	a	a	a	Ø	a	Ø	Ø	a	a	a	a	a	a	661:2, 771:0	laugh / name
169-2	V	2	a	a	a	a	a	i	Ø	a	i	a	a	Ø	a	a	a	-	i	a	Ø	Ø	Ø	Ø	a	a	a	a	852:2, 1267:4	other / thick
227-2	V	2	a	Ø	a	a	a	a	Ø	a	a	a	a	Ø	Ø	u	a	a	a	ã	Ø	a	a	a	a	a	Ø	a	1259:0, 1532:3	they / yellow
73-1	V	1	a	a	a	a	a	e	a	a	a	a	a	a	a	a	a	Ø	Ø	a	a	a	a	a	a	a	a	a	317:1	earth [soil]
156-1	V	1	a	a	Ø	a	a	i	a	a	Ø	a	a	a	a	a	Ø	i	Ø	a	Ø	Ø	a	a	a	a	Ø	i	823:0	night
194-1	V	1	a	Ø	a	a	Ø	o	Ø	a	Ø	u	Ø	Ø	a	a	a	a	a	a	Ø	Ø	Ø	a	a	Ø	a	a	1054:1	sit
230-1	V	1	a	ã	a	a	a	a	Ø	a	ã	a	a	ã	a	a	a	a	Ø	a	Ø	Ø	Ø	a	a	a	a	a	1295:3	think
234-1	V	1	a	a	a	Ø	a	a	a	a	ɨ	a	a	a	a	a	a	a	a	a	a	a	Ø	a	Ø	a	Ø	a	1308:3	tooth [front]
258-1	V	1	a	a	a	ɨ	a	Ø	Ø	a	a	Ø	a	Ø	a	a	ɨ	a	Ø	aː	Ø	a	a	a	a	a	a	a	1460:0	wife
271-1	V	1	a	a	a	a	i	i	Ø	a	a	a	a	a	a	a	a	i	i	a	Ø	i	a	a	a	a	a	a	1525:1	ye [you all]
143-2	V	2	-	a	Ø	a	Ø	-	Ø	-	i	a	Ø	Ø	a	u	a	Ø	Ø	a	Ø	Ø	Ø	-	a	-	a	-	735:2, 1277:3	many / thin
84-10	C	10	ⁿd	ⁿd	n	d	n	n	n	n	n	n	n	n	ⁿd	n	d	n	n	d	n	n	ⁿd	n	d	n	d	n	358:2, 424:2, 674:2, 728:2, 833:2, 874:2, 905:1, 1014:2, 1253:1, 1390:1	fat (grease) / float / leaf / man [male] / old [adj.] / pull / river / sharp [knife] / tail / water
128-2	C	2	ⁿd	d	n	d	n	n	Ø	n	n	n	n	n	ⁿd	n	d	n	n	d	n	n	d	n	d	n	d	n	634:2, 1374:2	husband / warm (hot weather)
150-2	C	2	ⁿd	ⁿd	n	d	n	n	Ø	n	n	n	n	l	ⁿd	n	d	n	Ø	d	Ø	Ø	ⁿd	n	d	n	d	n	771:1, 1110:2	name / snake
155-1	C	1	ⁿd	ⁿd	Ø	d	n	Ø	Ø	n	n	n	n	Ø	ⁿd	n	d	Ø	Ø	d	Ø	Ø	h	n	d	n	d	n	812:2	new
240-1	C	1	ⁿd	d	n	d	n	n	n	n	n	n	n	n	ⁿd	n	d	n	n	d	n	n	ⁿd	n	d	n	d	n	1330:1	tongue
43-4	C	4	ⁿb	ⁿb	m	b	m	m	Ø	m	m	m	m	m	ⁿb	m	b	m	m	b	m	m	ⁿb	m	b	m	b	m	106:1, 597:2, 747:2, 1185:0	blood / hold [in hand] / meat (flesh) / stone
77-1	C	1	β	β	β	β	β	β	ⁿβ	β	β	β	β	w	ɸ	β	ɸ	β	Ø	ɸ	β	w	β	ɸ	ɸ	β	ɸ	β	330:0	eye
107-1	C	1	β	β	β	ɸ	β	β	β	β	β	β	β	Ø	ɸ	β	f	Ø	d	ɸ	β	w	β	ɸ	ɸ	β	ɸ	β	539:0	hair
68-4	C	4	ʃ	ʃ	ʃ	ʃ	Ø	s	Ø	ʃ	Ø	ʃ	Ø	Ø	ʃ	Ø	ʂ	Ø	Ø	ʃ	Ø	Ø	Ø	ʂ	Ø	ʃ	ʃ	ʃ	305:2, 433:2, 585:2, 956:2	dust / flow / hit / salt
39-3	C	3	ʃ	ʃ	s	ʃ	Ø	s	Ø	s	s	s	Ø	Ø	ʂ	-	ʂ	Ø	ʃ	ʃ	Ø	Ø	Ø	ʃ	ʃ	s	ʃ	ʃ	77:1, 252:4, 498:0	bird / dirty / good
93-3	C	3	ʃ	ʃ	tʃ	ʃ	ʃ	s	ʃ	ʃ	ʂ	ʃ	ʂ	Ø	ʃ	ʃ	ʃ	Ø	Ø	ʃ	-	Ø	Ø	Ø	ʃ	ʃ	ʃ	Ø	413:0, 682:2, 824:4	fish [noun] / leg / night
123-2	C	2	ʃ	s	ʃ	ʃ	ʃ	s	Ø	ʃ	Ø	ʃ	ʂ	Ø	ʃ	ʃ	ʃ	Ø	Ø	ʃ	Ø	Ø	Ø	Ø	ʃ	ʃ	ʃ	Ø	587:2, 926:1	hit / rope (cord)
199-2	C	2	ʃ	Ø	s	ʂ	Ø	Ø	Ø	ʃ	p	ʃ	ʂ	Ø	ʂ	Ø	ʃ	p	s	ʃ	ʃ	Ø	Ø	Ø	Ø	Ø	ʃ	Ø	1075:2, 1613:4	small / swell
215-1	C	1	ʃ	ʃ	ʃ	ʃ	Ø	s	ʃ	ʃ	ʂ	ʃ	ʂ	Ø	ʃ	ʃ	ʂ	s	s	ʃ	ʃ	ʃ	Ø	s	ʃ	ʃ	ʃ	ʃ	1183:1	star
228-1	C	1	ʃ	ʃ	ʃ	ʃ	ʃ	s	Ø	ʃ	ʃ	ʃ	ʂ	ʂ	ʃ	ʃ	ʃ	s	Ø	ʃ	Ø	Ø	Ø	ʃ	ʃ	ʃ	ʃ	ʃ	1295:0	think
33-19	C	19	ɾ	r	r	ɾ	r	r	Ø	r	d	d	r	tʃ	ɾ	r	ɾ	d	d	ɾ	r	r	r	r	ɾ	r	ɾ	r	33:1, 143:2, 366:0, 376:0, 498:2, 499:0, 587:0, 638:0, 790:1, 855:2, 907:2, 927:0, 943:0, 1000:2, 1101:2, 1110:0, 1150:2, 1486:2, 1613:2	bad / day [daytime] / fear [verb] / feather [large] / good / hit / kill / near / person (human) / river / rope (cord) / rub / seed / smooth / snake / squeeze / swell / wipe
79-2	C	2	ɾ	r	r	ɾ	ɾ	ɾ	r	r	d	ɾ	r	tʃ	ɾ	r	ɾ	d	Ø	ɾ	r	r	r	r	ɾ	r	ɾ	r	330:2, 731:1	eye / man [male]
137-2	C	2	ɾ	Ø	r	ɾ	ɾ	r	Ø	r	Ø	d	r	Ø	ɾ	r	ɾ	Ø	Ø	ɾ	r	r	r	r	ɾ	r	l	Ø	689:0, 1343:0	lie [be lying down] / turn [intr. v.]
224-2	C	2	ɾ	Ø	r	ɾ	ɾ	r	r	r	d	ɾ	r	Ø	ɾ	r	ɾ	d	Ø	ɾ	r	r	r	r	ɾ	r	Ø	r	1226:2, 1526:2	sun / year
95-1	C	1	ɾ	Ø	Ø	ɾ	Ø	-	Ø	Ø	Ø	Ø	Ø	Ø	ɾ	Ø	ɾ	Ø	Ø	ɾ	Ø	Ø	Ø	Ø	ɾ	Ø	ɾ	Ø	449:1	flower
158-1	C	1	ɾ	r	r	ɾ	ɾ	r	r	r	d	d	r	r	ɾ	r	ɾ	d	d	ɾ	r	r	r	r	ɾ	r	ɾ	r	830:0	nose
241-1	C	1	ɾ	r	r	ɾ	ɾ	r	r	r	d	d	Ø	tʃ	ɾ	r	ɾ	d	d	ɾ	Ø	r	r	r	ɾ	r	ɾ	r	1358:0	two
251-1	C	1	ɾ	Ø	Ø	ɾ	Ø	Ø	Ø	Ø	Ø	Ø	Ø	Ø	ɾ	Ø	ɸ	Ø	Ø	ɾ	Ø	Ø	Ø	Ø	ɾ	Ø	Ø	Ø	1428:0	where [interr.]
13-22	C	22	ç	ʃ	ʂ	ʂ	h	ʂ	ʃ	ʂ	ʂ	ʂ	ʂ	ʂ	ʂ	ʂ	ʂ	ʂ	s	ʂ	h	ʂ	h	ʂ	ʂ	ʂ	ʂ	ʂ	1197:2, 1197:4, 48:0, 92:4, 125:0, 193:0, 250:2, 263:2, 272:0, 575:0, 766:2, 861:2, 884:0, 983:0, 1062:0, 1138:2, 1185:4, 1374:0, 1392:4, 1449:1, 1527:0, 1569:1	bark [of tree] / bite / bone / cut [verb] / dirty / dog / drink [verb] / heavy / mouth / play / push / scratch [an itch] / skin [of person] / split / stone / warm (hot weather) / water / wide / year
17-5	C	5	ç	s	ʂ	ʂ	-	ʃ	Ø	ʂ	Ø	ʂ	ʃ	ʂ	ʂ	ʂ	ʂ	ʂ	ʂ	ʂ	Ø	Ø	-	ʂ	ʂ	ʂ	ʂ	ʃ	1619:0, 1619:3, 99:2, 127:0, 1266:2	black / breathe / thick / thin
36-4	C	4	ç	ʂ	ʂ	ʂ	h	ʂ	Ø	ʂ	ʂ	ʂ	s	Ø	ʂ	ʃ	ʂ	Ø	Ø	ʂ	-	Ø	h	ʂ	ʂ	ʂ	ʃ	s	55:2, 111:0, 1198:2, 1277:4	belly / blow [wind] / stone / thin
56-2	C	2	ç	ʃ	ʂ	ʂ	h	ʂ	Ø	ʂ	Ø	ʂ	ʂ	Ø	ʂ	ʂ	ʃ	ʂ	Ø	ʂ	Ø	Ø	h	ʂ	ʂ	ʂ	ʂ	ʃ	210:0, 358:0	day [daytime] / fat (grease)
98-2	C	2	ç	ʃ	Ø	ʂ	Ø	ts	Ø	Ø	Ø	Ø	Ø	Ø	ʃ	Ø	Ø	Ø	Ø	Ø	Ø	Ø	Ø	Ø	-	ʂ	Ø	Ø	465:2, 1280:2	fog / thin
162-2	C	2	ç	Ø	Ø	ʂ	h	ʂ	Ø	ʂ	ʂ	ʂ	ʃ	Ø	ʂ	ʂ	ʂ	ʂ	ʂ	ʂ	Ø	Ø	ʃ	Ø	ʂ	Ø	ʂ	ʃ	833:0, 903:2	old [adj.] / red
64-1	C	1	ç	Ø	Ø	ʂ	h	ʂ	Ø	x	Ø	ʃ	Ø	Ø	ʂ	k	ʃ	Ø	Ø	ʂ	Ø	Ø	Ø	Ø	ʂ	ʂ	Ø	Ø	296:0	dull [knife]
138-1	C	1	ç	k	k	k	k	kʷ	Ø	k	k	k	k	k	k	k	ʔ	kʷ	Ø	k	k	k	k	k	k	k	ʔ	k	708:2	liver
189-1	C	1	ç	ʂ	Ø	ʂ	h	Ø	s	Ø	ʂ	ʂ	ʂ	Ø	ʂ	ʂ	ʂ	ʂ	ʂ	ʂ	h	Ø	h	ʂ	ʂ	Ø	ʂ	ʂ	999:1	seed
191-1	C	1	ç	Ø	ʂ	ʂ	h	Ø	Ø	ʂ	Ø	ʂ	Ø	Ø	ʃ	Ø	ʃ	Ø	Ø	ʂ	Ø	Ø	Ø	Ø	ʂ	ʂ	ʃ	ʂ	1005:0	sew
198-1	C	1	ç	ʃ	ʂ	ʂ	h	ʂ	Ø	ʂ	ʂ	ʂ	ʂ	ʂ	ʂ	ʂ	ʂ	ʂ	ʂ	ʂ	h	ʃ	h	ʂ	ʂ	ʂ	ʂ	ʃ	1073:1	sleep
201-1	C	1	ç	Ø	t	t	t	ʂ	Ø	t	Ø	t	t	ʂ	t	t	t	ʂ	ʂ	t	Ø	Ø	t	t	t	t	t	t	1087:0	smell [tr. v.]
213-1	C	1	ç	Ø	Ø	ʂ	Ø	Ø	Ø	Ø	Ø	ʂ	Ø	Ø	ts	Ø	s	Ø	Ø	Ø	Ø	Ø	Ø	Ø	ʂ	Ø	ʂ	Ø	1167:0	stab [or pierce]
231-1	C	1	ç	ʂ	ʂ	Ø	h	ʂ	ʂ	ʂ	ʂ	ʂ	h	ʂ	ʂ	ʂ	ʂ	ʂ	ʂ	ʂ	h	ʂ	Ø	ʂ	Ø	ʂ	Ø	ʂ	1308:0	tooth [front]
239-1	C	1	ç	Ø	-	ʂ	-	-	Ø	ʂ	Ø	-	ʂ	Ø	ʂ	ʂ	ʂ	ʂ	ʂ	ʂ	Ø	Ø	-	ʂ	ʂ	ʂ	ʂ	Ø	1323:2	tie [verb]
256-1	C	1	ç	Ø	ʂ	ʂ	h	ʂ	Ø	ʂ	ʂ	ʂ	ʂ	Ø	ʂ	ʂ	ʂ	Ø	ʂ	ʂ	h	ʂ	h	Ø	ʂ	ʂ	ʂ	ʃ	1439:1	white
16-8	C	8	Ø	t	tʃ	tʃ	tʃ	tʃ	Ø	tʃ	tʃ	tʃ	ʈʂ	ʈʂ	tʃ	ʈʂ	tʃ	ts	ts	tʃ	Ø	Ø	tʃ	Ø	tʃ	tʃ	tʃ	Ø	1168:0, 1168:2, 49:2, 250:0, 270:1, 919:2, 1410:0, 1578:1	bark [of tree] / dirty / dog / near / root / stab [or pierce] / wet
105-4	C	4	Ø	ʃ	Ø	ʂ	h	Ø	Ø	ʃ	s	Ø	ʃ	Ø	ʂ	ʃ	ʂ	Ø	Ø	ʃ	h	Ø	Ø	ʂ	ʂ	Ø	ʂ	ʂ	530:0, 862:0, 1277:1, 1570:3	green [color] / narrow / play / thin
20-3	C	3	Ø	Ø	k	β	k	Ø	Ø	Ø	β	β	Ø	Ø	ɸ	Ø	-	Ø	Ø	ɸ	k	Ø	Ø	m	ɸ	Ø	-	Ø	1:4, 415:0, 824:2	all / fish [noun] / night
57-3	C	3	Ø	β	Ø	ɸ	w	β	w	w	Ø	β	w	w	ɸ	w	Ø	w	Ø	ɸ	w	Ø	w	w	ɸ	Ø	w	β	210:2, 906:0, 1391:0	day [daytime] / river / water
89-3	C	3	Ø	ʃ	Ø	s	h	ʂ	Ø	r	ʂ	ʂ	Ø	Ø	ʂ	Ø	ʂ	Ø	Ø	ʂ	Ø	Ø	h	ʂ	ts	Ø	ʂ	ʂ	392:0, 555:2, 862:2	fight / head / play
125-3	C	3	Ø	t	t	t	t	β	t	t	t	t	t	p	t	t	t	t	ʂ	t	Ø	t	Ø	t	t	t	t	t	598:0, 843:3, 851:0	hold [in hand] / one / pull
122-2	C	2	Ø	Ø	Ø	s	Ø	Ø	s	Ø	s	s	s	Ø	s	s	Ø	Ø	Ø	s	h	Ø	Ø	s	ts	Ø	s	s	586:0, 1553:2	belly / hit
141-2	C	2	Ø	Ø	Ø	d	Ø	n	Ø	Ø	n	m	Ø	Ø	n	n	Ø	Ø	Ø	Ø	Ø	Ø	Ø	Ø	d	Ø	Ø	n	733:2, 1392:1	man [male] / water
164-2	C	2	Ø	β	w	ɸ	w	Ø	w	w	β	β	w	w	ɸ	w	ɸ	Ø	Ø	ɸ	Ø	w	Ø	w	ɸ	w	ɸ	w	843:0, 1118:0	one / some
166-2	C	2	Ø	ʃ	s	s	s	Ø	s	s	ʂ	s	s	s	s	s	s	s	s	s	Ø	s	ʂ	s	s	s	s	s	843:2, 962:0	one / salt
181-2	C	2	Ø	Ø	p	Ø	β	β	Ø	p	Ø	p	Ø	Ø	Ø	Ø	Ø	Ø	Ø	p	Ø	Ø	β	Ø	Ø	β	Ø	β	927:3, 1101:0	rope (cord) / smooth
182-2	C	2	Ø	Ø	Ø	Ø	Ø	Ø	Ø	j	p	Ø	j	Ø	n	t	Ø	Ø	Ø	Ø	Ø	Ø	Ø	Ø	Ø	j	Ø	Ø	935:2, 1277:2	rotten [log] / thin
193-2	C	2	Ø	Ø	Ø	Ø	r	k	Ø	β	Ø	Ø	Ø	Ø	Ø	p	Ø	Ø	Ø	Ø	Ø	Ø	r	Ø	Ø	β	Ø	Ø	1043:0, 1137:3	sing / spit [verb]
206-2	C	2	Ø	-	Ø	Ø	Ø	k	Ø	j	j	j	j	Ø	Ø	j	-	Ø	Ø	Ø	Ø	Ø	Ø	Ø	Ø	j	Ø	j	1098:2, 1218:0	smooth / suck
217-2	C	2	Ø	Ø	k	Ø	k	k	Ø	Ø	Ø	Ø	-	Ø	k	k	j	Ø	Ø	k	Ø	Ø	k	k	k	Ø	Ø	k	1200:2, 1384:2	stone / wash
97-1	C	1	Ø	Ø	n	d	Ø	n	Ø	n	n	n	Ø	Ø	d	n	d	Ø	Ø	d	Ø	Ø	Ø	n	d	n	j	n	456:0	fly [verb]
153-1	C	1	Ø	ʃ	-	s	h	ʂ	ʃ	ʂ	ʂ	ʂ	s	-	ʂ	ʂ	ʂ	t	n	ʂ	k	k	h	ʂ	ʂ	ʂ	ʂ	ʃ	810:2	neck
171-1	C	1	Ø	ʃ	Ø	ʃ	ʃ	Ø	Ø	ʃ	Ø	Ø	j	Ø	ʃ	ʃ	ʃ	Ø	Ø	ʃ	Ø	ʃ	Ø	ʂ	ʃ	ʃ	ʃ	ʃ	875:0	red
173-1	C	1	Ø	Ø	Ø	p	Ø	Ø	Ø	Ø	Ø	Ø	Ø	Ø	p	Ø	p	Ø	Ø	p	Ø	Ø	Ø	p	p	Ø	p	ts	883:0	push
174-1	C	1	Ø	Ø	Ø	ts	Ø	Ø	Ø	Ø	Ø	Ø	Ø	Ø	ts	Ø	ʂ	Ø	Ø	ts	Ø	Ø	Ø	k	ts	Ø	ʂ	k	883:2	push
195-1	C	1	Ø	β	β	ɸ	β	Ø	Ø	β	β	β	w	w	ɸ	Ø	ɸ	β	β	ɸ	β	w	Ø	ɸ	ɸ	β	ɸ	β	1063:0	skin [of person]
196-1	C	1	Ø	-	tʃ	tʃ	tʃ	Ø	Ø	tʃ	tʃ	tʃ	ʂ	tʃ	tʃ	Ø	tʃ	ts	ts	tʃ	tʃ	tʃ	Ø	tʃ	tʃ	tʃ	tʃ	tʃ	1063:2	skin [of person]
200-1	C	1	Ø	b	Ø	Ø	Ø	Ø	Ø	Ø	Ø	Ø	Ø	Ø	Ø	Ø	Ø	Ø	Ø	b	Ø	Ø	Ø	-	b	Ø	Ø	-	1076:6	small
207-1	C	1	Ø	Ø	Ø	j	Ø	Ø	Ø	Ø	Ø	Ø	Ø	Ø	j	Ø	ɲ	Ø	Ø	Ø	Ø	Ø	Ø	Ø	j	Ø	ɲ	Ø	1099:0	smooth
209-1	C	1	Ø	Ø	s	-	Ø	Ø	Ø	Ø	Ø	s	Ø	Ø	Ø	Ø	Ø	Ø	Ø	s	Ø	Ø	Ø	Ø	-	Ø	s	Ø	1118:2	some
211-1	C	1	Ø	Ø	Ø	Ø	Ø	ʃ	Ø	ʂ	Ø	Ø	Ø	Ø	Ø	ʃ	Ø	Ø	Ø	Ø	Ø	Ø	Ø	Ø	Ø	ʃ	Ø	Ø	1137:2	spit [verb]
218-1	C	1	Ø	Ø	Ø	Ø	Ø	Ø	Ø	Ø	Ø	Ø	Ø	Ø	ɾ	Ø	r	Ø	Ø	ɾ	Ø	Ø	Ø	Ø	Ø	Ø	Ø	Ø	1200:4	stone
225-1	C	1	Ø	-	Ø	-	n	Ø	Ø	Ø	Ø	Ø	Ø	Ø	Ø	Ø	n	Ø	Ø	Ø	Ø	Ø	Ø	n	n	Ø	n	-	1242:2	swim
244-1	C	1	Ø	Ø	tʃ	Ø	tʃ	tʃ	Ø	Ø	Ø	Ø	ʈʂ	Ø	tʃ	tʃ	Ø	Ø	Ø	tʃ	Ø	Ø	tʃ	tʃ	tʃ	Ø	Ø	tʃ	1384:0	wash
249-1	C	1	Ø	t	Ø	t	Ø	Ø	Ø	w	t	t	Ø	w	t	w	t	Ø	Ø	t	Ø	Ø	Ø	t	t	w	w	w	1420:1	when [interr.]
265-1	C	1	Ø	h	Ø	ɸ	w	Ø	β	-	β	β	β	Ø	ɸ	-	ɸ	Ø	Ø	ɸ	β	Ø	w	w	Ø	-	Ø	w	1504:1	woman
272-1	C	1	Ø	p	ʃ	Ø	t	p	Ø	p	p	p	m	ʂ	Ø	Ø	Ø	ʃ	Ø	Ø	p	Ø	p	p	Ø	p	Ø	p	1531:0	yellow
275-1	C	1	Ø	Ø	Ø	Ø	Ø	Ø	Ø	Ø	Ø	Ø	Ø	Ø	s	ʂ	Ø	Ø	Ø	Ø	Ø	Ø	Ø	Ø	Ø	Ø	ʂ	Ø	1533:2	yellow
276-1	C	1	Ø	Ø	Ø	Ø	Ø	Ø	Ø	Ø	Ø	Ø	Ø	Ø	d	t	Ø	Ø	Ø	Ø	Ø	Ø	Ø	Ø	Ø	Ø	t	Ø	1533:3	yellow
278-1	C	1	Ø	-	Ø	p	Ø	Ø	Ø	Ø	Ø	p	Ø	Ø	ɸ	Ø	w	Ø	Ø	w	Ø	Ø	Ø	ɸ	ɸ	Ø	w	β	1569:2	mouth
280-1	C	1	Ø	Ø	Ø	k	Ø	Ø	Ø	Ø	Ø	Ø	Ø	Ø	k	Ø	-	Ø	Ø	-	Ø	Ø	Ø	Ø	Ø	Ø	ʔ	Ø	1613:6	swell
15-10	C	10	w	β	β	ɸ	β	β	β	β	β	β	β	w	ɸ	β	ɸ	β	β	ɸ	β	w	β	ɸ	ɸ	β	ɸ	β	55:3, 731:3, 49:0, 143:0, 327:0, 663:0, 733:0, 1226:0, 1280:0, 1526:0	bark [of tree] / belly / day [daytime] / egg / laugh / man [male] / sun / thin / year
103-3	C	3	w	β	β	ɸ	β	β	β	β	β	β	β	w	ɸ	β	ɸ	Ø	Ø	ɸ	β	β	β	f	ɸ	β	ɸ	β	487:0, 812:0, 1000:0	fruit (berry) / new / seed
59-2	C	2	w	Ø	Ø	w	Ø	Ø	Ø	Ø	Ø	Ø	Ø	Ø	Ø	Ø	w	Ø	Ø	w	Ø	Ø	Ø	j	w	Ø	Ø	Ø	234:2, 1532:2	dig / yellow
96-2	C	2	w	w	w	w	w	Ø	Ø	Ø	w	w	w	w	w	w	w	-	Ø	w	Ø	Ø	w	w	w	Ø	w	w	451:0, 749:1	flower / mother
126-1	C	1	w	Ø	β	ɸ	β	β	Ø	β	β	β	β	w	ɸ	β	w	β	β	ɸ	β	w	β	ɸ	ɸ	β	w	β	634:0	husband
178-1	C	1	w	Ø	β	ɸ	β	β	β	β	β	β	β	w	ɸ	β	ɸ	β	Ø	ɸ	β	w	β	Ø	ɸ	β	w	Ø	915:0	road (path)
242-1	C	1	w	v	b	ɸ	β	β	β	β	β	w	Ø	w	ɸ	β	h	β	-	ɸ	Ø	w	β	ɸ	ɸ	β	w	β	1358:2	two
34-7	C	7	tʃ	tʃ	Ø	tʃ	tʃ	tʃ	Ø	tʃ	tʃ	tʃ	ʈʂ	tʃ	tʃ	ʈʂ	tʃ	d	ʈʂ	tʃ	ʃ	Ø	tʃ	tʃ	tʃ	Ø	tʃ	tʃ	38:0, 99:0, 342:0, 662:2, 681:0, 796:0, 1129:2	bad / black / far / laugh / long / near / spit [verb]
62-5	C	5	tʃ	-	m	m	n	m	Ø	Ø	m	m	m	Ø	m	Ø	m	n	m	m	m	Ø	Ø	m	m	n	d	m	261:2, 305:0, 413:2, 496:0, 969:0	dog / dust / fish [noun] / give / sand
75-2	C	2	tʃ	tʃ	tʃ	Ø	tʃ	ts	Ø	tʃ	tʃ	tʃ	ʈʂ	tʃ	t	tʃ	tʃ	Ø	k	tʃ	Ø	tʃ	Ø	tʃ	Ø	tʃ	tʃ	tʃ	327:2, 596:1	egg / hold [in hand]
142-2	C	2	tʃ	tʃ	s	tʃ	tʃ	ts	Ø	tʃ	tʃ	tʃ	ʈʂ	Ø	tʃ	tʃ	tʃ	Ø	Ø	tʃ	Ø	Ø	ʃ	tʃ	tʃ	tʃ	tʃ	tʃ	735:1, 1404:2	many / wet
146-1	C	1	tʃ	tʃ	tʃ	tʃ	tʃ	ʃ	ts	tʃ	tʃ	Ø	Ø	Ø	tʃ	tʃ	tʃ	Ø	Ø	tʃ	Ø	tʃ	Ø	tʃ	Ø	t	tʃ	tʃ	741:2	mountain
54-6	C	6	ts	ts	ts	ts	k	ts	Ø	ts	ʈʂ	ts	t	Ø	ts	ts	ts	ts	ts	ts	ts	Ø	s	ts	ts	ts	ts	ts	170:2, 663:2, 1054:0, 1149:0, 1315:0, 1570:1	cold [weather] / laugh / narrow / sit / squeeze / throw
31-4	C	4	ts	tʃ	ts	t	tʃ	ts	Ø	k	tʃ	tʃ	-	ts	tʃ	k	tʃ	t	ts	tʃ	tʃ	Ø	t	tʃ	t	k	tʃ	tʃ	30:2, 934:0, 1375:1, 1533:0	back [of body] / rotten [log] / warm (hot weather) / yellow
124-2	C	2	ts	ts	t	ts	ts	ts	Ø	ts	Ø	ts	ts	Ø	ts	ts	ts	-	ts	ts	Ø	Ø	Ø	tʃ	ts	ts	ts	Ø	597:0, 852:1	hold [in hand] / other
243-1	C	1	ts	s	Ø	ts	Ø	Ø	Ø	ts	Ø	ts	Ø	Ø	ts	Ø	ts	Ø	Ø	ts	Ø	ʃ	Ø	Ø	ts	ts	ts	Ø	1383:1	wash
257-1	C	1	ts	t	ts	ts	ts	Ø	Ø	ts	ts	ts	ʈʂ	ts	ts	ts	ts	ts	ts	ts	Ø	Ø	Ø	ts	ts	ts	ts	ts	1443:0	who [interr.]
12-34	C	34	t	t	t	t	t	t	t	t	t	t	ʈʂ	t	t	t	t	t	t	t	t	t	t	t	t	t	t	t	750:0, 750:2, 6:2, 92:2, 184:0, 191:0, 193:2, 211:2, 250:3, 270:3, 284:2, 296:3, 328:0, 392:2, 586:2, 650:0, 683:1, 903:0, 918:0, 919:0, 956:0, 1023:2, 1137:0, 1200:0, 1206:3, 1208:3, 1242:0, 1266:3, 1277:5, 1333:2, 1450:2, 1486:0, 1570:4, 1619:4	all / bite / count [verb] / cut [verb] / day [daytime] / dirty / dog / dry [adj./v.] / dull [knife] / egg / fight / hit / know [facts] / leg / mother / narrow / red / root / salt / short / spit [verb] / stone / straight / swim / thick / thin / tooth [front] / wide / wipe
67-8	C	8	t	t	t	t	t	t	t	t	t	t	t	t	t	t	t	t	t	t	t	t	t	t	t	t	t	t	303:2, 483:0, 566:2, 652:0, 708:0, 810:0, 884:2, 1553:3	belly / dust / foot / heart / know [facts] / liver / neck / push
19-6	C	6	t	d	s	t	s	s	Ø	s	ʂ	s	Ø	s	t	s	Ø	s	s	t	s	-	Ø	r	t	s	Ø	ʃ	1:2, 616:0, 661:1, 834:2, 1279:2, 1487:0	all / hunt / laugh / old [adj.] / thin / wipe
21-3	C	3	t	Ø	t	ts	t	ʂ	ʃ	β	Ø	t	Ø	t	Ø	ʂ	Ø	ʂ	ʈʂ	t	Ø	Ø	Ø	Ø	ts	-	t	Ø	6:4, 32:2, 1118:3	all / back [of body] / some
88-1	C	1	t	m	m	-	Ø	Ø	Ø	tʃ	m	m	m	m	t	t	t	Ø	m	t	t	Ø	Ø	tʃ	t	m	-	m	384:1	few
233-1	C	1	t	t	t	Ø	t	t	t	t	t	t	t	t	t	t	t	t	t	t	t	n	Ø	t	Ø	t	Ø	t	1308:2	tooth [front]
42-9	C	9	s	s	s	s	s	s	Ø	s	Ø	s	Ø	s	s	s	s	s	s	s	s	s	s	s	s	s	s	s	98:1, 368:2, 508:1, 927:2, 933:2, 996:1, 1206:2, 1231:0, 1375:3	black / fear [verb] / grass / rope (cord) / rotten [log] / see / straight / swell / warm (hot weather)
4-42	C	42	p	p	p	p	p	p	p	p	p	p	p	p	p	p	p	p	p	p	p	p	p	p	p	p	p	p	63:3, 650:2, 500:0, 1392:2, 26:2, 30:0, 54:0, 76:0, 163:0, 164:1, 191:2, 232:0, 234:0, 263:0, 303:0, 304:2, 305:3, 310:0, 322:0, 334:0, 357:2, 360:1, 375:0, 534:0, 673:0, 907:0, 918:2, 933:0, 934:2, 935:0, 1075:0, 1076:3, 1208:0, 1242:3, 1243:0, 1267:3, 1314:0, 1333:0, 1386:0, 1450:0, 1480:0, 1553:0	ashes / back [of body] / belly / big / bird / count [verb] / dig / dog / dry [adj./v.] / dust / ear / eat / fall [drop] / father / feather [large] / fish [noun] / good / guts / know [facts] / leaf / river / root / rotten [log] / small / straight / swim / thick / throw / tooth [front] / wash / water / wide / wing
11-3	C	3	p	p	p	Ø	Ø	p	p	p	Ø	Ø	p	Ø	p	p	p	ʂ	p	p	p	p	Ø	p	p	p	p	p	273:0, 273:2, 554:2	father / head
9-23	C	23	n	d	n	d	n	n	Ø	n	n	n	n	n	ⁿd	n	n	n	n	d	n	n	d	n	d	n	Ø	n	1241:0, 1241:2, 651:1, 651:3, 393:0, 393:2, 24:3, 55:0, 64:1, 78:3, 90:0, 92:0, 128:2, 141:2, 171:3, 233:2, 376:2, 652:2, 767:1, 1100:2, 1208:2, 1316:0, 1369:0	animal / belly / big / bird / bite / breathe / burn [tr. v.] / cold [weather] / dig / feather [large] / fight / know [facts] / mouth / smooth / straight / swim / throw / walk
58-10	C	10	n	d	n	d	n	n	Ø	n	n	n	n	n	d	n	d	n	t	d	n	n	ⁿd	n	d	n	d	n	220:0, 263:3, 424:0, 465:0, 694:0, 856:1, 1068:0, 1305:0, 1338:0, 1527:2	die / dog / float / fog / live / person (human) / sky / this / tree / year
18-6	C	6	n	n	Ø	n	Ø	n	Ø	n	d	d	Ø	l	n	Ø	n	n	β	n	Ø	Ø	n	n	n	n	n	Ø	1:0, 76:2, 211:0, 252:0, 1042:2, 1280:3	all / bird / day [daytime] / dirty / sing / thin
55-5	C	5	n	n	-	n	n	n	Ø	n	n	n	n	l	n	n	n	Ø	n	n	Ø	Ø	n	n	n	Ø	Ø	n	184:2, 491:1, 1149:2, 1386:2, 1429:1	count [verb] / give / squeeze / wash / where [interr.]
229-4	C	4	n	n	n	n	n	n	Ø	n	n	n	n	n	n	n	n	n	n	n	n	n	n	n	n	n	n	n	1295:2, 1361:1, 1398:0, 1519:0	think / vomit [verb] / we / worm (i.e. earthworm)
148-2	C	2	n	n	n	d	n	n	Ø	n	n	n	n	l	d	n	d	n	n	d	n	n	n	n	d	n	d	n	747:0, 874:0	meat (flesh) / pull
208-2	C	2	n	-	n	-	-	Ø	Ø	n	-	w	n	Ø	-	n	n	n	Ø	-	Ø	n	-	n	n	n	-	n	1100:5, 1460:3	smooth / wife
237-2	C	2	n	d	n	d	n	n	Ø	n	n	n	n	Ø	d	n	d	n	n	d	Ø	Ø	d	n	d	n	d	n	1323:0, 1511:0	tie [verb] / woods (forest)
66-1	C	1	n	Ø	Ø	-	n	n	Ø	n	Ø	n	Ø	Ø	-	n	-	Ø	Ø	-	Ø	Ø	Ø	Ø	-	n	Ø	Ø	296:2	dull [knife]
118-1	C	1	n	-	-	-	-	Ø	Ø	n	-	n	n	Ø	n	n	n	n	n	n	Ø	-	-	n	-	n	-	-	566:1	heart
261-1	C	1	n	Ø	Ø	Ø	n	Ø	Ø	n	n	n	n	Ø	d	j	Ø	Ø	Ø	d	Ø	Ø	Ø	n	d	n	d	n	1470:0	wind [breeze]
274-1	C	1	n	Ø	Ø	ɾ	Ø	Ø	Ø	Ø	Ø	Ø	Ø	Ø	Ø	Ø	ɾ	Ø	Ø	ɾ	Ø	Ø	Ø	Ø	ɾ	Ø	Ø	Ø	1532:0	yellow
27-9	C	9	m	b	m	β	m	m	Ø	m	m	m	m	m	b	m	b	m	-	b	m	m	ⁿb	m	b	m	b	m	26:0, 33:3, 141:0, 223:0, 368:0, 575:4, 588:0, 1197:0, 1198:0	ashes / bad / burn [tr. v.] / die / fear [verb] / heavy / hit / stone
52-4	C	4	m	b	m	b	n	m	Ø	m	m	m	m	m	b	m	b	p	Ø	b	m	Ø	b	m	b	m	b	m	170:0, 284:0, 304:0, 1129:0	cold [weather] / dry [adj./v.] / dust / spit [verb]
114-4	C	4	m	β	Ø	b	β	m	Ø	β	β	β	Ø	Ø	ɸ	-	Ø	Ø	Ø	p	β	Ø	β	ɸ	ɸ	β	Ø	h	555:0, 790:3, 1023:0, 1449:2	head / near / short / wide
72-3	C	3	m	b	m	b	m	m	m	m	m	m	m	m	b	m	b	m	m	b	m	m	b	m	b	m	b	m	317:0, 968:0, 1404:0	earth [soil] / sand / wet
104-3	C	3	m	m	m	-	m	m	m	m	m	m	m	m	n	m	-	Ø	Ø	-	m	m	m	m	-	m	-	m	487:2, 674:0, 1076:5	fruit (berry) / leaf / small
157-2	C	2	m	m	Ø	-	m	m	m	m	m	m	m	m	m	m	m	m	Ø	-	Ø	Ø	m	m	-	m	Ø	m	823:1, 1098:0	night / smooth
109-1	C	1	m	β	m	β	m	m	mʷ	m	m	m	m	m	b	m	b	m	m	b	m	m	m	m	b	m	m	m	546:0	hand
113-1	C	1	m	m	m	Ø	Ø	Ø	m	m	Ø	Ø	m	Ø	b	m	b	m	m	b	m	m	Ø	m	b	m	b	m	554:0	head
145-1	C	1	m	b	m	b	m	β	m	m	m	Ø	Ø	Ø	b	m	ɸ	Ø	Ø	b	Ø	m	Ø	m	Ø	m	b	m	741:0	mountain
219-1	C	1	m	Ø	m	b	Ø	Ø	Ø	Ø	Ø	Ø	Ø	Ø	b	Ø	Ø	Ø	Ø	w	Ø	Ø	Ø	m	Ø	Ø	m	m	1206:0	straight
235-1	C	1	m	m	m	m	m	m	Ø	m	m	m	m	m	m	m	m	m	m	m	m	m	m	m	m	m	m	m	1313:0	thou [you]
270-1	C	1	m	m	m	m	m	m	Ø	m	m	m	m	m	m	m	m	m	m	m	Ø	m	m	m	m	m	b	m	1525:0	ye [you all]
8-23	C	23	k	k	k	k	k	k	k	k	k	k	ʂ	k	k	k	k	k	k	k	k	k	k	k	k	k	k	k	1138:0, 1138:3, 32:0, 48:2, 54:2, 89:0, 90:2, 171:1, 233:0, 433:0, 466:0, 555:3, 575:2, 585:0, 766:0, 861:0, 1062:2, 1100:3, 1149:3, 1207:0, 1243:2, 1266:0, 1368:0	back [of body] / bark [of tree] / belly / bite / cold [weather] / dig / flow / fog / head / heavy / hit / mouth / play / skin [of person] / smooth / split / squeeze / straight / swim / thick / walk
35-14	C	14	k	k	k	k	k	k	k	k	k	k	k	k	k	k	ʔ	k	k	k	k	k	k	k	k	k	ʔ	k	38:2, 127:2, 156:2, 232:2, 261:0, 534:2, 587:3, 689:2, 906:2, 1044:0, 1185:2, 1198:3, 1207:4, 1391:2	bad / breathe / child / dig / dog / guts / hit / lie [be lying down] / river / sing / stone / straight / water
48-4	C	4	k	k	Ø	k	k	k	k	k	k	k	k	Ø	k	k	k	Ø	Ø	k	w	Ø	k	k	k	k	k	k	140:0, 415:2, 682:0, 1217:0	burn [tr. v.] / fish [noun] / leg / suck
130-3	C	3	k	Ø	k	k	k	kʷ	Ø	Ø	Ø	k	Ø	ʔ	k	r	k	k	k	k	Ø	h	Ø	Ø	k	Ø	k	Ø	639:0, 851:2, 1014:0	kill / pull / sharp [knife]
60-2	C	2	k	Ø	k	t	Ø	kʷ	Ø	k	t	t	Ø	Ø	t	k	Ø	Ø	tʃ	t	k	Ø	k	t	t	k	t	t	252:2, 366:2	dirty / fear [verb]
222-2	C	2	k	Ø	ʂ	k	k	β	Ø	-	Ø	k	k	Ø	k	Ø	ʔ	Ø	Ø	k	Ø	Ø	k	k	k	Ø	ʔ	k	1217:2, 1410:2	suck / wet
236-2	C	2	k	Ø	Ø	k	Ø	Ø	Ø	k	Ø	k	Ø	h	d	Ø	k	Ø	Ø	Ø	Ø	Ø	Ø	Ø	Ø	Ø	ʔ	Ø	1315:2, 1400:0	throw / we
70-1	C	1	k	tʃ	k	Ø	k	β	tʃ	k	k	k	ʈʂ	Ø	k	tʃ	tʃ	ʂ	t	tʃ	k	k	k	k	tʃ	k	tʃ	k	310:3	ear
81-1	C	1	k	k	k	k	k	k	Ø	k	Ø	Ø	k	Ø	k	k	-	k	-	k	Ø	Ø	Ø	k	k	k	-	k	334:2	fall [drop]
111-1	C	1	k	h	k	k	β	k	β	k	k	k	β	k	k	β	ɸ	k	d	k	w	k	k	ɸ	ɸ	k	ʔ	h	546:2	hand
116-1	C	1	k	k	k	k	k	kʷ	Ø	k	k	k	k	k	k	k	-	Ø	Ø	k	Ø	Ø	Ø	k	k	k	ʔ	k	559:0	hear
160-1	C	1	k	k	ʂ	k	k	k	k	k	k	k	k	k	tʃ	k	tʃ	ʂ	β	tʃ	k	k	k	k	tʃ	k	tʃ	k	830:2	nose
184-1	C	1	k	Ø	Ø	Ø	Ø	Ø	Ø	k	Ø	Ø	Ø	Ø	k	Ø	-	Ø	Ø	k	Ø	Ø	Ø	Ø	-	Ø	Ø	Ø	943:2	rub
203-1	C	1	k	k	k	k	k	k	kʰ	k	k	k	k	k	k	k	k	k	Ø	k	Ø	k	k	k	k	k	k	n	1092:0	smoke [noun]
252-1	C	1	k	Ø	Ø	d	Ø	Ø	Ø	Ø	Ø	Ø	Ø	Ø	ⁿd	Ø	j	Ø	Ø	k	Ø	Ø	Ø	Ø	d	Ø	Ø	Ø	1428:2	where [interr.]
23-8	C	8	j	d	j	j	j	ɲ	Ø	j	j	j	Ø	Ø	j	j	j	tʃ	Ø	j	j	Ø	j	j	j	j	j	j	24:0, 76:3, 78:0, 277:1, 357:0, 971:0, 1100:0, 1150:0	animal / bird / drink [verb] / fish [noun] / say / smooth / squeeze
38-8	C	8	j	w	w	w	w	-	Ø	w	w	w	w	w	w	w	w	w	w	w	Ø	w	w	w	w	w	w	w	63:1, 223:2, 573:1, 696:1, 1043:2, 1076:1, 1267:1, 1431:2	big / die / heavy / live / sing / small / thick / where [interr.]
40-4	C	4	j	j	j	j	w	-	Ø	j	j	j	Ø	Ø	j	j	j	Ø	Ø	j	n	n	Ø	j	j	j	j	j	89:2, 456:2, 834:0, 855:0	bite / fly [verb] / old [adj.] / person (human)
91-1	C	1	j	j	Ø	Ø	j	ts	Ø	Ø	Ø	Ø	Ø	Ø	Ø	Ø	Ø	Ø	Ø	Ø	Ø	Ø	j	Ø	Ø	Ø	Ø	j	412:0	fish [noun]
139-1	C	1	j	-	j	j	j	j	Ø	j	j	j	j	j	j	j	j	Ø	Ø	j	j	j	j	j	j	j	j	j	724:0	louse
263-1	C	1	j	Ø	Ø	Ø	w	Ø	Ø	w	w	w	w	Ø	w	w	Ø	Ø	Ø	w	Ø	Ø	Ø	ɸ	w	w	w	w	1470:2	wind [breeze]
14-3	C	3	h	hʷ	h	Ø	Ø	Ø	h	h	h	h	h	Ø	Ø	Ø	Ø	Ø	Ø	Ø	Ø	h	Ø	h	Ø	h	Ø	Ø	6:0, 1431:0, 728:0	all / man [male] / where [interr.]
49-8	C	8	b	β	β	ɸ	β	Ø	β	β	Ø	β	Ø	Ø	ɸ	β	ɸ	β	β	ɸ	β	w	β	ɸ	ɸ	β	w	β	156:0, 165:0, 465:3, 824:0, 1042:0, 1099:2, 1343:2, 1613:0	child / cloud / fog / night / sing / smooth / swell / turn [intr. v.]
92-3	C	3	-	m	Ø	b	m	ts	Ø	Ø	m	m	Ø	Ø	b	Ø	b	k	k	b	Ø	Ø	m	m	b	Ø	b	m	412:2, 796:3, 1279:0	fish [noun] / near / thin
134-2	C	2	-	ʃ	ʂ	ʂ	ʃ	s	ʃ	ʃ	ʂ	ʃ	Ø	ʂ	s	ʃ	Ø	s	s	s	Ø	ʃ	ʃ	ʂ	ʂ	ʃ	ʃ	ʃ	662:0, 968:2	laugh / sand
144-1	C	1	-	p	Ø	p	Ø	-	Ø	-	Ø	p	Ø	Ø	p	Ø	p	Ø	Ø	p	Ø	Ø	Ø	-	p	-	p	-	735:3	many
246-1	C	1	-	Ø	w	w	w	Ø	Ø	w	w	w	Ø	w	w	w	w	w	Ø	w	Ø	Ø	Ø	w	w	w	w	w	1412:1	what [interr.]
259-1	C	1	-	m	w	w	w	Ø	Ø	w	-	Ø	-	Ø	m	-	w	w	Ø	m	Ø	w	w	w	w	w	w	w	1460:1	wife
